sqft,bedrooms,bathrooms,year_built,price,age
1710,3,2.5,2003,208500,23
1262,3,2.0,1976,181500,50
1786,3,2.5,2001,223500,25
1717,3,1.0,1915,140000,111
2198,4,2.5,2000,250000,26
1362,1,1.5,1993,143000,33
1694,3,2.0,2004,307000,22
2090,3,2.5,1973,200000,53
1774,2,2.0,1931,129900,95
1077,2,1.0,1939,118000,87
1040,3,1.0,1965,129500,61
2324,4,3.0,2005,345000,21
912,2,1.0,1962,144000,64
1494,3,2.0,2006,279500,20
1253,2,1.5,1960,157000,66
854,2,1.0,1929,132000,97
1004,2,1.0,1970,149000,56
1296,2,2.0,1967,90000,59
1114,3,1.5,2004,159000,22
1339,3,1.0,1958,139000,68
2376,4,3.5,2005,325300,21
1108,3,1.0,1930,139400,96
1795,3,2.0,2002,230000,24
1060,3,1.0,1976,129900,50
1060,3,1.0,1968,154000,58
1600,3,2.0,2007,256300,19
900,3,1.0,1951,134800,75
1704,3,2.0,2007,306000,19
1600,2,1.0,1957,207500,69
520,1,1.0,1927,68500,99
1317,3,1.0,1920,40000,106
1228,3,1.5,1966,149350,60
1234,3,2.0,2007,179900,19
1700,4,1.5,1959,165500,67
1561,2,2.0,2005,277500,21
2452,4,3.5,2004,309000,22
1097,3,1.5,1994,145000,32
1297,3,1.0,1954,153000,72
1057,3,1.0,1953,109000,73
1152,2,2.0,1955,82000,71
1324,3,2.0,1965,160000,61
1328,2,1.5,1959,170000,67
884,2,1.0,1983,144000,43
938,3,1.0,1975,130250,51
1150,3,1.0,1959,141000,67
1752,2,2.0,2005,319900,21
2149,1,1.5,2003,239686,23
1656,3,2.0,2006,249700,20
1452,2,2.0,1920,113000,106
955,3,1.0,1966,127000,60
1470,3,2.0,1997,177000,29
1176,3,1.0,1934,114500,92
816,2,1.0,1963,110000,63
1842,0,0.5,1981,385000,45
1360,3,1.0,1955,130000,71
1425,3,2.0,1964,180500,62
1739,3,2.5,1999,172500,27
1720,3,2.5,2004,196500,22
2945,3,3.5,2006,438780,20
780,2,1.0,1972,124900,54
1158,3,1.5,2004,158000,22
1111,3,1.0,1920,101000,106
1370,2,2.0,2006,202500,20
1710,3,2.0,1921,140000,105
2034,3,2.5,1997,219500,29
2473,4,2.5,2004,317000,22
2207,3,2.0,1970,180000,56
1479,3,2.0,2003,226000,23
747,2,1.0,1945,80000,81
2287,3,2.0,1953,225000,73
2223,3,2.0,1973,244000,53
845,2,1.0,1982,129500,44
1718,3,2.5,1998,185000,28
1086,3,1.0,1954,144900,72
1605,3,2.0,1915,107400,111
988,2,1.0,1973,91000,53
952,2,1.0,1956,135750,70
1285,2,1.0,1948,127000,78
1768,4,2.0,1968,136500,58
1230,2,1.5,1910,110000,116
2142,4,2.5,1968,193500,58
1337,2,2.0,1998,153500,28
1563,3,2.0,2007,245000,19
1065,3,1.5,1960,126500,66
1474,3,2.5,1995,168500,31
2417,4,2.5,1991,260000,35
1560,3,2.5,2005,174000,21
1224,2,2.5,2009,164500,17
1526,2,1.0,1915,85000,111
990,3,1.0,1994,123600,32
1040,2,1.0,1950,109900,76
1235,2,1.0,1961,98600,65
964,2,1.0,1921,163500,105
2291,4,2.0,1910,133900,116
1786,3,2.5,1997,204750,29
1470,3,2.5,1993,185000,33
1588,3,2.0,1999,214000,27
960,3,1.0,1965,94750,61
835,2,1.0,1920,83000,106
1225,3,1.5,1959,128950,67
1610,3,2.0,1977,205000,49
1732,3,2.5,1985,178000,41
1535,4,2.0,1979,118964,47
1226,3,2.0,2009,198900,17
1818,4,1.5,1931,169500,95
1992,3,2.5,2003,250000,23
1047,2,1.0,1885,100000,141
789,2,1.0,1948,115000,78
1517,3,2.0,1919,115000,107
1844,3,2.0,1977,190000,49
1855,4,2.0,1954,136900,72
1430,3,2.5,2000,180000,26
2696,4,2.5,2007,383970,19
2259,3,2.0,1953,217000,73
2320,3,2.5,1945,259500,81
1458,2,2.5,1999,176000,27
1092,3,1.0,1962,139000,64
1125,2,1.5,2006,155000,20
3222,5,3.0,1990,320000,36
1456,3,2.5,2005,163990,21
988,1,1.0,1969,180000,57
1123,3,1.0,1939,100000,87
1080,3,1.0,1958,136000,68
1199,2,2.0,1993,153900,33
1586,3,2.0,1979,181000,47
754,2,1.0,1935,84500,91
958,2,2.0,1976,128000,50
840,3,1.0,1930,87000,96
1348,3,1.5,1966,155000,60
1053,3,1.5,1958,150000,68
2157,4,2.5,1966,226000,60
2054,3,2.5,2000,244000,26
1327,3,1.0,1959,150750,67
1296,2,2.0,2001,220000,25
1721,3,2.5,1968,180000,58
1682,3,2.0,1970,174000,56
1214,3,2.0,1967,143000,59
1959,5,3.0,1988,171000,38
1852,3,2.5,1999,230000,27
1764,3,2.5,1997,231500,29
864,3,1.0,1971,115000,55
1734,3,2.0,2005,260000,21
1385,4,2.0,1952,166000,74
1501,3,2.0,1999,204000,27
1728,6,2.0,1963,125000,63
1709,3,2.0,2004,130000,22
875,2,1.0,1931,105000,95
2035,3,2.5,2001,222500,25
1080,3,1.0,2004,141000,22
1344,3,1.0,1936,115000,90
969,3,1.5,1975,122000,51
1710,2,2.0,2007,372402,19
1993,4,2.5,1971,190000,55
1252,1,1.0,1960,235000,66
1200,4,1.0,1923,125000,103
1096,2,1.0,1924,79000,102
1040,2,1.0,1950,109500,76
1968,4,2.5,2009,269500,17
1947,3,2.5,2004,254900,22
2462,4,2.5,2005,320000,21
1232,3,2.0,1984,162500,42
2668,3,2.5,2003,412500,23
1541,3,2.0,2005,220000,21
882,1,1.0,1956,103200,70
1616,3,2.0,1926,152000,100
1355,4,2.0,1940,127500,86
1867,2,1.0,1955,190000,71
2161,3,1.5,2007,325624,19
1720,3,2.5,2004,183500,22
1707,2,2.5,1981,228000,45
1382,2,1.5,1941,128500,85
1656,3,1.0,1960,215000,66
1767,2,2.0,1987,239000,39
1362,3,1.5,1961,163000,65
1651,3,2.0,1986,184000,40
2158,4,2.0,1950,243000,76
2060,4,2.5,1988,211000,38
1920,4,2.0,1958,172500,68
2234,1,2.0,2008,501837,18
968,2,1.0,1923,100000,103
1525,3,2.5,2000,177000,26
1802,4,1.5,1920,200100,106
1340,3,1.0,1957,120000,69
2082,3,2.5,2003,200000,23
1252,3,1.0,1908,127000,118
3608,4,2.5,1892,475000,134
1217,3,2.0,1990,173000,36
1656,3,2.5,1916,135000,110
1224,2,1.0,1979,153337,47
1593,0,1.5,2001,286000,25
2727,3,2.5,1932,315000,94
1479,4,1.5,1972,184000,54
1431,3,2.0,1999,192000,27
1709,3,2.0,2004,130000,22
864,3,1.0,1972,127000,54
1456,3,2.5,1976,148500,50
1726,3,2.0,2007,311872,19
3112,4,2.0,1918,235000,108
2229,5,1.0,1912,104000,114
1713,3,2.0,2004,274900,22
1121,2,2.0,2003,140000,23
1279,3,2.0,1977,171500,49
1310,2,2.0,1924,112000,102
848,1,1.0,2004,149000,22
1284,2,1.5,1947,110000,79
1442,3,2.0,1990,180500,36
1696,3,1.5,1962,143900,64
1100,3,1.0,1960,141000,66
2062,3,2.5,1988,277000,38
1092,3,1.0,1964,145000,62
864,2,1.0,1925,98000,101
1212,3,2.0,2009,186000,17
1852,3,2.5,2009,252678,17
990,3,1.0,1995,156000,31
1392,3,1.5,1977,161750,49
1236,2,1.0,1957,134450,69
1436,3,2.0,2004,210000,22
1328,3,1.0,1925,107000,101
1954,3,1.5,1939,311500,87
1248,2,2.0,2005,167240,21
1498,2,2.0,2006,204900,20
2267,4,2.5,2002,200000,24
1552,3,2.5,1975,179900,51
864,2,1.0,1971,97000,55
2392,3,2.0,2003,386250,23
1302,3,2.5,1971,112000,55
2520,4,2.5,1995,290000,31
987,2,1.5,1970,106000,56
912,3,1.0,1967,125000,59
1555,2,2.0,2005,192500,21
1194,3,1.0,1959,148000,67
2794,4,2.5,1995,403000,31
987,2,1.5,1972,94500,54
894,3,1.0,1976,128200,50
1960,4,2.5,2002,216500,24
987,2,1.5,1971,89500,55
1414,3,2.0,2004,185500,22
1744,3,2.5,1993,194500,33
1694,3,2.0,2007,318000,19
1487,3,1.5,1945,113000,81
1566,3,2.0,2008,262500,18
866,2,1.0,1945,110500,81
1440,3,1.0,1900,79000,126
1217,3,1.5,1980,120000,46
2110,3,2.5,1994,205000,32
1872,3,2.0,1988,241500,38
1928,4,2.0,1910,137000,116
1375,2,1.0,1954,140000,72
1668,3,2.5,2003,180000,23
2144,4,2.0,1958,277000,68
1306,3,1.0,1940,76500,86
1625,2,2.0,2006,235000,20
1640,3,2.5,2004,173000,22
1302,3,2.0,1964,158000,62
1314,3,1.0,1957,145000,69
2291,4,2.5,1999,230000,27
1728,3,2.5,2003,207500,23
1604,3,2.5,2006,220000,20
1792,3,2.5,2001,231500,25
882,2,1.0,1956,97000,70
1382,3,1.0,1962,176000,64
2574,3,2.5,2007,276000,19
1212,3,1.0,1977,151000,49
1316,3,1.0,1929,130000,97
764,2,1.0,1925,73000,101
1422,3,2.0,1981,175500,45
1511,3,2.5,1997,185000,29
2192,4,2.5,1939,179500,87
778,2,1.0,1940,120500,86
1113,3,1.5,1976,148000,50
1939,3,2.5,2006,266000,20
1363,2,1.0,1954,241500,72
2270,4,2.5,1999,290000,27
1632,3,2.0,1958,139000,68
816,2,1.0,1982,124500,44
1548,3,2.5,1925,205000,101
1560,3,2.0,2003,201000,23
864,2,1.0,1951,141000,75
2121,3,2.5,2006,415298,20
2022,4,2.5,1977,192000,49
1982,3,2.5,1989,228500,37
1262,2,2.0,2006,185000,20
1314,2,2.0,2007,207500,19
1468,3,2.0,2008,244600,18
1575,2,2.0,1992,179200,34
1250,2,2.5,2006,164700,20
1734,3,1.5,1962,159000,64
858,3,1.0,1971,88000,55
900,3,1.0,1967,122000,59
1396,3,1.0,1915,153575,111
1919,3,2.5,2006,233230,20
1716,6,2.0,1912,135900,114
1716,3,1.5,1949,131000,77
2263,3,2.5,1977,235000,49
1644,3,1.0,1953,167000,73
1003,3,1.0,1984,142500,42
1558,4,1.5,1950,152000,76
1950,3,2.5,1997,239000,29
1743,3,2.0,1968,175000,58
1152,3,1.0,1950,158500,76
1336,2,1.0,1953,157000,73
2452,4,2.5,1998,267000,28
1541,3,2.0,2001,205000,25
894,3,1.0,1972,149900,54
3493,3,3.0,1880,295000,146
2000,3,2.0,2004,305900,22
2243,4,2.5,1990,225000,36
1406,3,1.0,1920,89500,106
861,1,1.0,1940,82500,86
1944,3,2.0,2003,360000,23
1501,3,2.5,1993,165600,33
972,2,1.0,1948,132000,78
1118,3,1.0,1939,119900,87
2036,3,2.0,1965,375000,61
1641,3,1.5,1925,178000,101
1432,3,2.5,2004,188500,22
2353,4,2.5,1980,260000,46
1959,3,2.5,2006,270000,20
2646,4,2.5,1993,260000,33
1472,3,2.0,1980,187500,46
2596,4,3.5,2006,342643,20
2468,4,2.5,2004,354000,22
2730,4,2.5,1986,301000,40
1163,3,1.0,1955,126175,71
2978,5,2.5,1967,242000,59
803,2,1.0,1941,87000,85
1719,1,1.5,1993,324000,33
1383,3,1.5,1960,145250,66
2134,5,2.0,1916,214500,110
1192,3,1.0,1920,78000,106
1728,6,2.0,1964,119000,62
1056,3,1.0,1958,139000,68
1629,3,2.0,2003,284000,23
1358,2,2.0,2004,207000,22
1638,3,2.5,1998,192000,28
1786,3,2.0,1965,228950,61
1922,3,2.0,2005,377426,21
1536,3,2.0,2002,214000,24
1621,3,2.0,1984,202500,42
1215,3,1.0,1958,155000,68
1908,4,2.5,2002,202900,24
841,2,1.0,1950,82000,76
1040,2,2.0,1949,87500,77
1684,2,2.0,2005,266000,21
1112,3,1.5,1976,85000,50
1577,3,1.0,1939,140200,87
958,2,1.0,1960,151500,66
1478,3,2.0,1960,157500,66
1626,2,2.5,2003,154000,23
2728,4,2.5,2005,437154,21
1869,2,2.0,2007,318061,19
1453,2,1.5,1986,190000,40
1111,3,1.0,1941,95000,85
720,2,1.0,1928,105900,98
1595,2,1.0,1940,140000,86
1200,3,2.0,1995,177500,31
1167,3,2.0,1992,173000,34
1142,3,1.5,1976,134000,50
1352,3,1.0,1958,130000,68
1924,3,2.5,1998,280000,28
912,2,1.0,1978,156000,48
1505,3,1.0,1940,145000,86
1922,4,3.0,2003,198500,23
987,2,1.5,1972,118000,54
1574,3,2.5,1976,190000,50
1344,3,1.0,1920,147000,106
1394,3,1.5,1963,159000,63
1431,3,1.0,1962,165000,64
1268,2,1.0,1954,132000,72
1287,3,1.0,1959,162000,67
1664,3,2.5,2000,172400,26
1588,4,2.0,1959,134432,67
752,2,1.0,1984,125000,42
1319,3,1.0,1953,123000,73
1928,4,2.5,2003,219500,23
904,1,0.5,1922,61000,104
914,2,1.0,1996,148000,30
2466,4,3.0,2004,340000,22
1856,1,1.5,2010,394432,16
1800,3,2.5,2000,179000,26
1691,3,2.0,1924,127000,102
1301,2,2.0,2006,187750,20
1797,3,2.5,2006,213500,20
784,2,1.0,1928,76000,98
1953,3,2.5,1992,240000,34
1269,2,2.0,2004,192000,22
1184,5,1.0,1910,81000,116
1125,3,1.0,1976,125000,50
1479,3,2.0,1999,191000,27
2332,3,2.5,2007,426000,19
1367,4,1.0,1900,119000,126
1961,3,2.5,2001,215000,25
882,3,1.0,1959,106500,67
788,2,1.0,1941,100000,85
1034,2,1.0,1940,109000,86
1144,3,1.0,1956,129000,70
894,2,1.0,1972,123000,54
1812,4,2.0,1962,169500,64
1077,2,1.0,1920,67000,106
1550,2,2.0,2006,241000,20
1288,1,1.5,1996,245500,30
1310,3,2.0,2005,164990,21
672,2,1.0,1940,108000,86
2263,4,2.5,1998,258000,28
1572,3,2.5,1995,168000,31
1620,3,2.0,1976,150000,50
1639,3,1.0,1936,115000,90
1680,4,2.0,1915,177000,111
2172,3,2.5,2006,280000,20
2078,3,2.5,2007,339750,19
1276,3,1.0,1958,60000,68
1056,3,1.0,1955,145000,71
1478,2,2.5,2009,222000,17
1028,2,1.0,1927,115000,99
2097,3,2.5,1993,228000,33
1340,3,2.0,2007,181134,19
1400,3,1.5,1978,149500,48
2624,4,2.5,1918,239000,108
1134,3,1.5,1940,126000,86
1056,3,1.0,1968,142000,58
1344,2,2.0,1997,206300,29
1602,3,2.0,1977,215000,49
988,2,1.0,1954,113000,72
2630,4,2.5,1998,315000,28
1196,2,1.0,1956,139000,70
1389,3,1.5,1946,135000,80
1644,2,2.0,1989,275000,37
907,3,1.0,1957,109008,69
1208,2,2.0,2007,195400,19
1412,3,2.0,1988,175000,38
987,2,1.5,1971,85400,55
1198,4,1.0,1920,79900,106
1365,2,1.5,1971,122500,55
1604,3,2.5,1997,181000,29
630,1,1.0,1972,81000,54
1661,3,2.5,1996,212000,30
1118,2,1.0,1920,116000,106
904,2,1.0,1926,119000,100
694,2,1.0,1913,90350,113
1196,3,1.0,1920,110000,106
2402,2,2.0,2008,555000,18
1440,4,2.0,1955,118000,71
1573,3,2.0,1930,162900,96
1258,2,2.0,2006,172500,20
1908,4,2.5,1994,210000,32
1689,3,1.0,1956,127500,70
1888,2,2.5,1966,190000,60
1886,4,2.5,1998,199900,28
1376,3,2.0,1937,119500,89
1183,2,1.5,1948,120000,78
813,2,1.0,1930,110000,96
1533,2,2.0,1975,280000,51
1756,3,2.5,1996,204000,30
1590,3,2.5,2008,210000,18
1728,4,2.0,1976,188000,50
1242,3,1.5,1973,175500,53
1344,4,1.0,1916,98000,110
1663,2,1.0,1954,256000,72
1666,3,1.0,1925,161000,101
1203,3,1.0,1950,110000,76
1935,3,2.5,2009,263435,17
1135,3,1.0,1936,155000,90
864,3,1.0,1965,62383,61
1660,3,1.5,1934,188700,92
1040,3,2.0,1978,124000,48
1414,2,2.0,2004,178740,22
1277,2,1.0,1970,167000,56
1644,3,1.5,1942,146500,84
1634,3,2.0,2006,250000,20
1710,3,2.5,1993,187000,33
1502,1,1.5,1985,212000,41
1969,3,2.5,1977,190000,49
1072,2,1.0,2005,148000,21
1976,2,2.0,2006,440000,20
1652,2,2.0,2000,251000,26
970,2,1.0,1963,132500,63
1493,3,2.0,1997,208900,29
2643,3,2.5,2006,380000,20
1718,3,2.0,2007,297000,19
1131,2,1.0,1937,89471,89
1850,3,2.0,2004,326000,22
1792,2,2.0,2003,374000,23
1826,4,1.5,1915,155000,111
1216,2,2.0,1998,164000,28
999,3,1.0,1962,132500,64
1113,3,1.0,1950,147000,76
1073,3,1.5,1965,156000,61
1484,3,2.0,1971,175000,55
2414,3,2.0,1900,160000,126
630,1,1.0,1970,86000,56
1304,3,1.5,1976,115000,50
1578,3,1.0,1941,133000,85
1456,3,2.5,2006,172785,20
1269,3,1.5,1960,155000,66
886,2,1.0,1938,91300,88
720,2,1.0,1920,34900,106
3228,4,3.0,1992,430000,34
1820,4,2.0,1925,184000,101
899,3,1.0,1967,130000,59
912,2,1.0,1958,120000,68
1218,3,1.5,1973,113000,53
1768,3,2.5,2005,226700,21
1214,2,1.0,1965,140000,61
1801,1,2.0,1959,289000,67
1322,3,2.5,1974,147000,52
1960,4,2.0,1952,124500,74
1911,3,2.5,1993,215000,33
1218,2,2.0,2009,208300,17
1378,3,2.0,1928,161000,98
1041,3,1.0,1959,124500,67
1363,2,1.0,1951,164900,75
1368,2,2.0,2005,202665,21
864,3,1.0,1958,129900,68
1080,3,1.5,1983,134000,43
789,2,1.0,1926,96500,100
2020,3,2.5,2009,402861,17
2119,3,2.5,1972,158000,54
2344,3,2.5,1996,265000,30
1796,3,2.5,1998,211000,28
2080,3,1.5,1926,234000,100
1294,3,2.0,1900,106250,126
1244,3,1.5,1957,150000,69
1664,3,2.0,1947,159000,79
4676,3,3.5,2007,184750,19
2398,3,2.5,1996,315750,30
1266,3,2.0,2005,176000,21
928,2,1.0,1956,132000,70
2713,3,2.5,2008,446261,18
605,2,1.0,1920,86000,106
2515,4,3.0,1957,200624,69
1509,3,2.0,1988,175000,38
1362,3,2.0,1920,128000,106
827,2,1.0,1955,107500,71
334,1,1.0,1946,39300,80
1414,3,2.5,2004,178000,22
1347,3,1.0,1910,107500,116
1724,3,2.5,1998,188000,28
864,3,1.0,1972,111250,54
1159,3,1.5,1968,158000,58
1601,3,2.0,2001,272000,25
1838,2,2.0,2006,315000,20
2285,4,2.5,2000,248000,26
1680,3,2.0,1998,213250,28
767,1,1.0,1998,133000,28
1496,3,2.5,2006,179665,20
2183,4,2.5,1988,229000,38
1635,3,1.5,1923,210000,103
768,2,1.0,1970,129500,56
825,2,1.0,1955,125000,71
2094,4,2.5,2003,263000,23
1069,2,2.0,1977,140000,49
928,3,1.0,1957,112500,69
1717,3,2.0,2006,255500,20
1126,2,2.0,1949,108000,77
2046,3,2.5,2003,284000,23
1048,2,1.0,1922,113000,104
1092,2,1.0,1957,141000,69
1336,3,1.5,1920,108000,106
1446,3,2.5,1996,175000,30
1557,2,2.0,2003,234000,23
1392,3,1.5,1957,121500,69
1389,2,1.0,1974,170000,52
996,3,1.0,1940,108000,86
1674,4,2.0,1918,185000,108
2295,4,2.5,1992,268000,34
1647,4,1.5,1915,128000,111
2504,4,2.5,2005,325000,21
1535,3,2.0,2004,214000,22
2132,1,1.5,1983,316600,43
943,2,1.0,1979,135960,47
1728,6,2.0,1965,142600,61
864,2,1.0,1959,120000,67
1692,3,2.5,2009,224500,17
1430,3,2.5,2000,170000,26
1109,3,1.0,1971,139000,55
1216,2,1.0,1947,118500,79
1477,3,2.0,1928,145000,98
1320,3,1.0,1966,164500,60
1392,2,2.0,2007,146000,19
1795,4,2.0,1954,131500,72
1429,3,1.0,1960,181900,66
2042,3,2.5,2008,253293,18
816,3,1.0,1990,118500,36
2775,3,3.5,1893,325000,133
1573,3,1.0,1935,133000,91
2028,2,2.0,2005,369900,21
838,2,1.0,1918,130000,108
860,2,1.0,1982,137000,44
1473,1,1.0,1968,143000,58
935,2,1.0,1930,79500,96
1582,3,2.5,2004,185900,22
2296,3,2.5,2008,451950,18
816,2,1.0,1982,138000,44
848,1,1.0,2003,140000,23
924,3,1.0,1975,110000,51
1826,3,2.0,2005,319000,21
1368,3,1.0,1910,114504,116
1402,2,1.0,2006,194201,20
1647,3,2.0,1977,217500,49
1556,3,2.5,1980,151000,46
1904,3,2.5,2005,275000,21
1375,3,1.5,1937,141000,89
1915,3,2.5,1992,220000,34
1200,2,2.5,2004,151000,22
1494,3,2.0,2002,221000,24
1986,3,2.5,1965,205000,61
1040,3,1.0,1996,152000,30
2008,3,3.0,1948,225000,78
3194,4,2.5,1934,359100,92
1029,3,1.0,1961,118500,65
2153,3,2.5,2000,313000,26
1032,3,2.0,1978,148000,48
1872,3,2.5,2001,261500,25
1120,3,1.0,2007,147000,19
630,1,1.0,1972,75500,54
1054,3,1.0,1963,137500,63
1509,3,2.5,2002,183200,24
832,2,1.0,1954,105500,72
1828,3,2.0,2007,314813,19
2262,4,2.5,2003,305000,23
864,2,1.0,1914,67000,112
2614,4,2.5,1974,240000,52
980,3,1.0,1977,135000,49
1512,2,2.5,2000,168500,26
1790,4,2.0,1972,165150,54
1116,3,1.5,1962,160000,64
1422,3,1.0,1960,139900,66
1520,3,1.0,1955,153000,71
2080,5,2.0,1969,135000,57
1350,3,1.5,1964,168500,62
1750,3,1.0,1880,124000,146
1554,2,2.0,2006,209500,20
1411,3,2.0,1977,82500,49
1056,3,1.0,1954,139400,72
1056,0,0.0,1980,144000,46
3395,8,2.0,1914,200000,112
800,1,1.0,1936,60000,90
1387,3,2.0,1954,93000,72
796,2,1.0,1910,85000,116
1567,1,2.0,2006,264561,20
1518,1,1.5,2003,274000,23
1929,3,2.5,2001,226000,25
2704,4,2.5,1972,345000,54
1620,4,2.5,1969,152000,57
1766,2,2.5,2009,370878,17
981,3,1.5,1971,143250,55
1048,3,1.0,1950,98300,76
1094,3,1.0,1953,155000,73
1839,4,1.5,1966,155000,60
630,1,1.0,1970,84500,56
1665,3,2.5,2007,205950,19
1510,4,1.0,1940,108000,86
1716,2,2.5,1996,191000,30
1469,3,1.0,1906,135000,120
2113,2,2.5,1995,350000,31
1092,3,1.5,1971,88000,55
1053,3,1.5,1959,145500,67
1502,3,1.5,1931,149000,95
1458,3,1.0,1948,97500,78
1486,3,1.0,1964,167000,62
1935,3,2.5,1976,197900,50
2448,4,2.5,1994,402000,32
1392,2,1.0,1968,110000,58
1181,3,2.0,1972,137500,54
2097,1,1.5,2005,423000,21
1936,3,2.5,2000,230500,26
2380,3,2.5,1965,129000,61
1679,3,2.0,1994,193500,32
1437,3,1.5,1956,168000,70
1180,2,1.0,1922,137500,104
1476,3,2.5,2005,173500,21
1369,3,2.0,1925,103600,101
1208,3,1.5,1977,165000,49
1839,3,2.0,1957,257500,69
1136,3,1.0,1965,140000,61
1441,3,2.5,1978,148500,48
1774,4,2.0,1900,87000,126
792,2,1.0,1924,109500,102
2046,3,2.5,2008,372500,18
988,3,1.0,1961,128500,65
923,2,2.0,1980,143000,46
1520,3,1.0,1932,159434,94
1291,2,1.0,1996,173000,30
1668,3,2.0,2002,285000,24
1839,4,2.5,1998,221000,28
2090,3,2.0,1984,207500,42
1761,3,3.0,2007,227875,19
1102,2,2.5,2004,148800,22
1419,2,2.0,2007,392000,19
1362,2,2.0,2005,194700,21
848,1,1.0,2004,141000,22
4316,4,3.5,1994,755000,32
2519,4,2.5,1989,335000,37
1073,2,1.0,1921,108480,105
1539,3,1.5,1936,141500,90
1137,2,2.0,1987,176000,39
616,2,1.0,1921,89000,105
1148,2,1.0,1952,123500,74
894,3,1.0,1965,138500,61
1391,2,2.0,2004,196000,22
1800,3,2.0,2002,312500,24
1164,3,1.5,1969,140000,57
2576,4,2.5,2006,361919,20
1812,4,2.0,1900,140000,126
1484,3,2.0,2004,213000,22
1092,3,2.0,1930,55000,96
1824,2,2.0,1971,302000,55
1324,2,2.0,2006,254000,20
1456,3,2.5,2007,179540,19
904,3,1.0,1966,109900,60
729,2,1.0,1935,52000,91
1178,2,1.0,1900,102776,126
1228,2,2.0,1988,189000,38
960,3,1.0,1970,129000,56
1479,3,2.5,1976,130500,50
1350,3,2.0,1974,165000,52
2554,3,1.5,1890,159500,136
1178,3,1.5,1973,157000,53
2418,3,2.5,1993,341000,33
971,3,1.5,1969,128500,57
1742,2,2.0,1985,275000,41
848,1,1.0,2004,143000,22
864,3,1.0,1970,124500,56
1470,4,2.0,1954,135000,72
1698,3,2.0,2007,320000,19
864,3,1.0,1970,120500,56
1680,3,2.0,1988,222000,38
1232,2,2.0,2007,194500,19
1776,4,2.0,1958,110000,68
1208,2,1.0,1925,103000,101
1616,2,2.0,1995,236500,31
1146,3,2.0,2003,187500,23
2031,3,2.5,1998,222500,28
1144,3,1.0,1961,131400,65
948,3,1.0,1968,108000,58
1768,2,1.5,1914,163000,112
1040,2,2.0,1950,93500,76
1801,3,2.5,2005,239900,21
1200,3,3.0,1987,179000,39
1728,3,2.5,2004,190000,22
1432,2,2.0,1910,132000,116
912,3,1.0,1961,142000,65
1349,3,2.0,2000,179000,26
1464,3,2.0,1963,175000,63
1337,2,2.0,1993,180000,33
2715,4,3.5,1976,299800,50
2256,4,2.5,2000,236000,26
2640,4,1.5,1880,265979,146
1720,3,2.0,1996,260400,30
1529,4,2.0,1945,98000,81
1140,3,1.0,1910,96500,116
1320,3,2.5,2003,162000,23
1494,3,2.0,1997,217000,29
2098,3,2.5,2005,275500,21
1026,3,1.0,1969,156000,57
1471,3,2.5,1999,172500,27
1768,3,2.5,2007,212000,19
1386,3,2.5,1978,158900,48
1501,3,2.5,1999,179400,27
2531,4,2.5,1995,290000,31
864,2,1.0,1959,127500,67
1301,2,1.0,1924,100000,102
1547,3,2.5,2009,215200,17
2365,3,2.5,1999,337000,27
1494,2,1.5,1995,270000,31
1506,2,2.0,2008,264132,18
1714,3,2.5,1988,196500,38
1750,4,2.0,1940,160000,86
1836,3,2.0,2004,216837,22
3279,4,3.5,2003,538000,23
858,2,1.0,1982,134900,44
1220,2,1.0,1951,102000,75
1117,3,1.0,1976,107000,50
912,2,1.0,1958,114500,68
1973,3,2.0,2006,395000,20
1204,2,2.0,1998,162000,28
1614,3,2.0,2005,221500,21
894,3,1.0,1974,142500,52
2020,4,2.0,1977,144000,49
1004,2,1.0,1977,135000,49
1253,3,2.0,1995,176000,31
1603,3,2.5,1992,175900,34
1430,3,2.0,2001,187100,25
1110,1,1.0,1978,165500,48
1484,3,2.0,1914,128000,112
1342,3,2.0,1967,161500,59
1652,4,2.0,1915,139000,111
2084,4,2.5,2004,233000,22
901,2,1.0,1954,107900,72
2087,5,2.5,1966,187500,60
1145,2,2.0,2005,160200,21
1062,3,1.0,1976,146800,50
2013,3,2.5,1996,269790,30
1496,3,2.0,2007,225000,19
1895,3,2.5,1994,194500,32
1564,3,2.5,1980,171000,46
1285,3,1.5,1977,143500,49
773,2,1.0,1953,110000,73
3140,4,3.5,2008,485000,18
1768,3,1.5,1937,175000,89
1688,4,2.5,1997,200000,29
1196,2,1.0,1916,109900,110
1456,3,2.5,2005,189000,21
2822,4,3.5,2008,582933,18
1128,2,1.0,1954,118000,72
1428,3,2.0,2008,227680,18
980,3,2.0,1967,135500,59
1576,3,1.5,1923,223500,103
1086,3,1.0,1966,159950,60
2138,2,2.0,1898,106000,128
1309,3,1.5,1974,181000,52
848,1,1.0,2004,144500,22
1044,2,1.0,1952,55993,74
1442,4,1.5,1958,157900,68
1250,3,1.5,1918,116000,108
1661,3,2.0,1998,224900,28
1008,2,1.0,1954,137000,72
1689,3,2.0,2002,271000,24
1052,3,1.0,1971,155000,55
1358,2,2.0,2009,224000,17
1640,3,2.5,2003,183000,23
936,2,1.0,1953,93000,73
1733,3,2.5,2003,225000,23
1489,3,2.0,1940,139500,86
1489,3,2.0,2006,232600,20
2084,2,2.0,2007,385000,19
784,2,1.0,1924,109500,102
1434,3,2.0,2001,189000,25
2126,3,2.5,1967,185000,59
1223,2,2.5,2005,147400,21
1392,3,1.5,1957,166000,69
1200,2,2.5,2005,151000,21
1829,3,2.5,2003,237000,23
1516,3,1.5,1964,167000,62
1144,3,1.0,1961,139950,65
1067,2,2.0,1950,128000,76
1559,2,1.0,1948,153500,78
987,2,1.5,1973,100000,53
1099,3,1.5,1995,144000,31
1200,3,1.0,1946,130500,80
1482,4,2.0,1925,140000,101
1539,3,2.0,1904,157500,122
1165,3,1.5,1966,174900,60
1800,6,2.0,1961,141000,65
1416,4,1.5,1915,153900,111
1701,3,2.0,1975,171000,51
1775,3,2.5,1993,213000,33
864,3,1.0,1972,133500,54
2358,5,3.0,1908,240000,118
1855,3,2.5,1976,187000,50
848,1,1.0,2003,131500,23
1456,2,2.0,2003,215000,23
1646,4,2.0,1941,164000,85
1445,3,1.5,1964,158000,62
1779,3,1.5,1955,170000,71
1040,3,1.5,1962,127000,64
1026,3,1.0,1978,147000,48
1481,3,2.5,1994,174000,32
1370,3,2.0,1976,152000,50
2654,4,2.5,1968,250000,58
1426,3,1.5,1918,189950,108
1039,3,1.5,1965,131500,61
1097,3,2.0,1984,152000,42
1148,3,1.0,1959,132500,67
1372,3,2.0,2007,250580,19
1002,3,1.0,1970,148500,56
1646,3,2.0,2006,248900,20
1120,3,1.5,1961,129000,65
2320,2,2.0,1948,169000,78
1949,3,2.5,1993,236000,33
894,2,1.0,1962,109500,64
1682,3,2.5,1998,200500,28
910,3,1.0,1953,116000,73
1268,3,1.0,1949,133000,77
1131,3,1.5,1941,66500,85
2610,4,2.5,2007,303477,19
1040,3,1.0,1963,132250,63
2224,4,2.5,2004,350000,22
1155,3,1.0,1961,148000,65
864,3,1.0,1978,136500,48
1090,2,1.5,2005,157000,21
1717,3,2.5,1990,187500,36
1593,3,2.5,1992,178000,34
2230,5,1.0,1912,118500,114
892,3,1.0,1967,100000,59
1709,2,2.0,1999,328900,27
1712,4,2.0,1959,145000,67
1393,3,1.5,1955,135500,71
2217,4,2.0,1970,268000,56
1505,2,1.0,1953,149500,73
924,3,1.0,1949,122900,77
1683,3,2.5,1978,172500,48
1068,3,1.0,1963,154500,63
1383,3,1.0,1954,165000,72
1535,4,2.0,1979,118858,47
1796,4,1.5,1963,140000,63
951,2,1.0,1936,106500,90
2240,6,2.0,1979,142953,47
2364,2,2.5,2009,611657,17
1236,3,1.0,1961,135000,65
858,2,1.0,1971,110000,55
1306,2,1.0,1957,153000,69
1509,3,2.5,2003,180000,23
1670,3,2.0,2006,240000,20
902,3,1.0,1967,125500,59
1063,3,1.0,1954,128000,72
1636,3,2.0,2006,255000,20
2057,3,1.5,1936,250000,90
902,2,1.0,1983,131000,43
1484,3,2.5,2005,174000,21
2274,5,2.0,1960,154300,66
1268,3,1.5,1977,143500,49
1015,3,1.0,1925,88000,101
2002,4,2.0,1949,145000,77
1224,2,2.5,2009,173733,17
1092,3,1.5,1970,75000,56
480,1,0.0,1949,35311,77
1229,3,1.0,1956,135000,70
2127,4,2.5,1991,238000,35
1414,3,1.0,1958,176500,68
1721,3,2.5,1994,201000,32
2200,4,3.0,1900,145900,126
1316,3,2.0,2005,169990,21
1617,2,2.0,1993,193000,33
1686,3,2.0,1980,207500,46
1126,3,2.0,1977,175000,49
2374,4,2.5,2003,285000,23
1978,4,2.5,1968,176000,58
1788,3,2.0,2001,236500,25
2236,4,2.5,1997,222000,29
1466,3,2.0,2007,201000,19
925,2,1.0,1965,117500,61
1905,3,2.0,2006,320000,20
1500,3,2.0,2004,190000,22
2069,4,2.0,1960,242000,66
747,1,1.0,1926,79900,100
1200,2,2.0,2003,184900,23
1971,3,2.5,2005,253000,21
1962,3,2.5,2006,239799,20
2403,4,2.0,1940,244400,86
1728,4,2.0,1976,150900,50
2060,3,2.5,1999,214000,27
1440,4,2.0,1977,150000,49
1632,4,2.0,1967,143000,59
1344,3,1.0,1958,137500,68
1869,2,1.0,1890,124900,136
1144,3,1.0,1959,143000,67
1629,3,2.0,2002,270000,24
1776,3,2.5,2002,192500,24
1381,3,1.5,1972,197500,54
864,3,1.0,1950,129000,76
965,3,1.0,1965,119900,61
768,2,1.0,1972,133900,54
1968,4,2.5,1969,172000,57
980,4,2.0,1975,127500,51
1958,4,2.0,1946,145000,80
1229,2,1.5,1980,124000,46
1057,3,1.0,1962,132000,64
1337,3,2.0,2003,185000,23
1416,3,2.5,1999,155000,27
858,2,1.0,1958,116500,68
2872,4,2.5,1977,272000,49
1548,3,2.5,1976,155000,50
1800,2,2.0,2007,239000,19
1894,4,2.5,2002,214900,24
1484,3,2.5,2005,178900,21
1308,2,1.5,1940,160000,86
1098,3,1.0,1955,135000,71
968,2,1.0,1910,37900,116
1095,2,1.0,1958,140000,68
1192,4,1.5,1949,135000,77
1626,2,2.0,2003,173000,23
918,2,2.0,1979,99500,47
1428,3,2.0,2007,182000,19
2019,3,1.0,1910,167500,116
1382,3,2.5,2000,165000,26
869,2,1.0,1923,85500,103
1241,1,1.5,2006,199900,20
894,3,1.0,1954,110000,72
1121,3,1.0,1963,139000,63
999,3,1.0,1961,178400,65
2612,4,2.5,1998,336000,28
1266,2,2.0,2007,159895,19
2290,4,2.5,2002,255900,24
1734,4,2.0,1977,126000,49
1164,3,1.0,1950,125000,76
1635,2,1.0,1910,117000,116
1940,3,2.5,2009,395192,17
2030,4,2.5,1976,195000,50
1576,3,2.5,2006,197000,20
2392,3,2.5,1997,348000,29
1742,4,1.5,1882,168000,144
1851,3,2.5,1964,187000,62
1500,3,2.5,2005,173900,21
1718,3,2.0,2006,337500,20
1230,3,1.5,1946,121600,80
1050,3,1.0,1961,136500,65
1442,2,2.0,1970,185000,56
1077,3,1.0,1922,91000,104
1208,2,2.0,2006,206000,20
944,2,1.0,1952,82000,74
691,2,1.0,1920,86000,106
1574,3,2.0,2006,232000,20
1680,4,2.0,1976,136905,50
1504,1,2.0,2005,181000,21
985,3,2.0,1977,149900,49
1657,3,2.0,1970,163500,56
1092,3,1.5,1970,88000,56
1710,3,2.0,2004,240000,22
1522,4,2.0,1926,102000,100
1271,4,2.0,1948,135000,78
1664,4,2.0,1965,100000,61
1502,3,1.5,1923,165000,103
1022,2,1.0,1910,85000,116
1082,2,1.0,1948,119200,78
1665,3,2.5,2001,227000,25
1504,3,2.0,1996,203000,30
1360,1,1.0,1984,187500,42
1472,3,2.5,1991,160000,35
1506,2,2.0,2005,213490,21
1132,2,1.5,2005,176000,21
1220,2,2.0,2006,194000,20
1248,2,1.0,1930,87000,96
1504,2,2.0,2005,191000,21
2898,2,2.0,1976,287000,50
882,3,1.0,1972,112500,54
1264,3,1.0,1960,167500,66
1646,3,2.0,2007,293077,19
1376,3,1.0,1941,105000,85
1218,3,1.5,1972,118000,54
1928,5,2.0,1916,160000,110
3082,5,2.5,1920,197000,106
2520,5,2.5,1993,310000,33
1654,3,2.0,2002,230000,24
954,2,1.0,1938,119750,88
845,3,1.0,1957,84000,69
1620,2,2.0,2007,315500,19
2263,3,2.5,2001,287000,25
1344,3,1.5,1970,97000,56
630,1,1.0,1970,80000,56
1803,3,2.0,1957,155000,69
1632,4,1.5,1966,173000,60
1306,1,2.0,2005,196000,21
2329,4,2.5,1990,262280,36
2524,4,2.5,1981,278000,45
1733,4,2.0,1955,139600,71
2868,4,3.5,2005,556581,21
990,3,1.0,1994,145000,32
1771,3,1.0,1960,115000,66
930,2,1.0,1946,84900,80
1302,3,2.0,2007,176485,19
1316,3,2.0,2007,200141,19
1977,4,1.5,1964,165000,62
1526,4,1.0,1957,144500,69
1989,3,2.5,2002,255000,24
1523,3,2.0,1976,180000,50
1364,2,2.0,2005,185850,21
1850,3,2.5,1994,248000,32
2184,3,2.5,2008,335000,18
1991,3,1.5,1932,220000,94
1338,2,2.0,2001,213500,25
894,2,1.0,1935,81000,91
2337,5,2.0,1900,90000,126
1103,2,1.0,1925,110500,101
1154,3,1.5,1966,154000,60
2260,3,2.5,1996,328000,30
1571,3,2.5,1993,178000,33
1611,4,1.5,1964,167900,62
2521,5,2.5,1973,151400,53
893,2,1.0,1949,135000,77
1048,3,1.0,1956,135000,70
1556,4,1.5,1968,154000,58
1456,4,1.0,1948,91500,78
1426,3,1.5,1977,159500,49
1240,2,2.0,2006,194000,20
1740,3,1.5,1940,219500,86
1466,3,2.0,1936,170000,90
1096,3,1.0,1969,138800,57
848,1,1.0,2004,155900,22
990,3,1.0,1994,126000,32
1258,3,2.0,1971,145000,55
1040,3,1.5,1963,133000,63
1459,3,2.0,2002,192000,24
1251,3,1.0,1964,160000,62
1498,3,2.5,1995,187500,31
996,2,1.0,1992,147000,34
1092,3,1.5,1973,83500,53
1953,3,2.5,2005,252000,21
1709,3,2.0,2004,137500,22
1247,1,1.5,2005,197000,21
1040,2,2.0,1950,92900,76
1252,2,2.5,1999,160000,27
1694,4,2.0,1925,136500,101
1200,1,1.5,1965,146000,61
936,2,1.0,1956,129000,70
1314,3,2.0,2006,176432,20
1355,3,1.5,1914,127000,112
1088,2,1.5,1986,170000,40
1324,3,1.0,1936,128000,90
1601,3,2.0,1978,157000,48
438,1,1.0,1920,60000,106
950,3,1.0,1971,119500,55
1134,2,1.0,1960,135000,66
1194,3,1.0,1959,159500,67
1302,3,2.5,1970,106000,56
2622,3,2.5,1994,325000,32
1442,3,2.0,1990,179900,36
2021,3,2.5,2006,274725,20
1690,3,2.5,2000,181000,26
1836,3,2.0,2004,280000,22
1658,3,2.5,1995,188000,31
1964,4,2.5,1976,205000,50
816,2,1.0,1957,129900,69
1008,2,1.0,1953,134500,73
833,2,1.0,1954,117000,72
1734,3,2.0,2007,318000,19
1419,3,2.5,2002,184100,24
894,3,1.0,1967,130000,59
1601,3,1.0,1958,140000,68
1040,3,1.0,1959,133700,67
1012,2,1.0,1920,118400,106
1552,3,2.0,2005,212900,21
960,3,1.0,1956,112000,70
698,2,1.0,1947,118000,79
1482,3,2.5,1992,163900,34
1005,2,1.0,1955,115000,71
1555,2,2.0,2007,174000,19
1530,3,2.0,2004,259000,22
1959,4,2.5,2004,215000,22
936,2,1.0,1980,140000,46
1981,4,2.0,1928,135000,98
974,3,1.0,1991,93500,35
2210,5,2.0,1880,117500,146
2020,3,2.5,1995,239500,31
1600,3,2.5,1997,169000,29
986,2,1.0,1926,102000,100
1252,3,1.0,1950,119000,76
1020,2,1.0,1875,94000,151
1567,2,2.0,1977,196000,49
1167,3,1.0,1920,144000,106
952,2,1.0,1951,139000,75
1868,4,2.5,1976,197500,50
2828,4,3.0,2006,424870,20
1006,3,1.0,1959,80000,67
924,2,1.0,1941,80000,85
1576,3,1.0,1928,149000,98
1298,3,2.0,1985,180000,41
1564,3,1.5,1941,174500,85
1111,2,1.0,1926,116900,100
1482,3,1.0,1920,143000,106
932,2,1.0,1950,124000,76
1466,3,1.5,1959,149900,67
1811,2,1.0,1956,230000,70
816,2,1.0,1930,120500,96
1820,4,2.0,1965,201800,61
1437,3,2.0,1976,218000,50
1265,3,2.0,1965,179900,61
1314,2,2.0,2007,230000,19
1580,3,2.0,2007,235128,19
1876,4,2.5,1974,185000,52
1456,3,2.5,1978,146000,48
1640,3,1.0,1954,224000,72
894,3,1.0,1968,129000,58
1258,0,1.0,1969,108959,57
1432,2,1.5,1978,194000,48
1502,3,2.0,2009,233170,17
1694,3,2.0,2008,245350,18
1671,3,2.5,2000,173000,26
2108,4,2.0,1935,235000,91
3627,4,3.5,1995,625000,31
1118,3,1.0,1977,171000,49
1261,3,1.0,1958,163000,68
1250,2,2.5,2006,171900,20
3086,3,3.0,1946,200500,80
2345,4,2.5,1932,239000,94
2872,4,2.5,1992,285000,34
923,3,1.0,1984,119500,42
1224,3,1.0,1926,115000,100
1343,3,1.5,1921,154900,105
1124,3,1.0,1954,93000,72
2514,4,2.5,1990,250000,36
1652,2,2.0,2008,392500,18
4476,4,3.5,1996,745000,30
1130,2,1.0,1920,120000,106
1572,3,1.5,1963,186700,63
1221,4,1.0,1924,104900,102
1699,3,2.0,1900,95000,126
1624,2,2.0,1994,262000,32
1660,3,2.5,2002,195000,24
1804,3,2.5,1999,189000,27
1622,3,1.0,1961,168000,65
1441,2,2.5,1999,174000,27
1472,3,1.0,1925,125000,101
1224,2,2.0,1999,165000,27
1352,4,1.5,1969,158000,57
1456,3,2.5,2005,176000,21
1863,4,2.5,2006,219210,20
1690,3,1.0,1916,144000,110
1212,3,2.0,2001,178000,25
1382,3,1.5,1963,148000,63
864,3,1.0,1970,116050,56
1779,3,2.5,1998,197900,28
1348,3,1.0,1925,117000,101
1630,3,2.0,2000,213000,26
1074,3,1.5,1975,153500,51
2196,3,2.0,1990,271900,36
1056,2,1.0,1966,107000,60
1700,3,2.0,2003,200000,23
1283,3,1.0,1962,140000,64
1660,3,2.0,2006,290000,20
1845,3,2.5,1992,189000,34
1752,4,2.0,1988,164000,38
672,2,1.0,1941,113000,85
960,0,0.0,1965,145000,61
999,3,1.0,1962,134500,64
894,3,1.0,1966,125000,60
1902,4,2.0,1978,112000,48
1314,3,2.0,2009,229456,17
912,2,1.0,1947,80500,79
1218,3,1.5,1971,91500,55
912,2,1.0,1964,115000,62
1211,3,1.0,1968,134000,58
1846,3,2.0,1949,143000,77
2136,4,2.0,1951,137900,75
1490,3,2.5,2004,184000,22
1138,3,1.0,1958,145000,68
1933,4,2.5,2007,214000,19
912,2,1.0,1965,147000,61
1702,1,1.5,2008,367294,18
1507,4,2.0,1960,127000,66
2620,4,3.0,1977,190000,49
1190,3,1.0,1962,132500,64
1224,2,2.0,1962,101800,64
1188,3,1.0,1959,142000,67
1964,4,1.5,1911,130000,115
1784,4,1.5,1914,138887,112
1626,2,2.5,2003,175500,23
1948,4,2.5,2004,195000,22
1141,3,1.5,2005,142500,21
1484,2,2.0,2006,265900,20
1768,3,2.5,2003,224900,23
1689,3,2.0,2007,248328,19
1173,3,2.0,1974,170000,52
2076,2,2.5,2006,465000,20
1517,3,1.0,1929,230000,97
1868,3,3.5,1984,178000,42
1553,3,2.5,2005,186500,21
1034,3,1.0,1976,169900,50
2058,3,1.5,1917,129500,109
988,3,1.0,1950,119000,76
2110,3,2.5,1968,244000,58
1405,2,2.0,2003,171750,23
874,3,1.0,1968,130000,58
2167,3,2.5,1974,294000,52
1656,3,2.5,2003,165400,23
1367,3,1.0,1931,127500,95
1987,2,2.0,1994,301500,32
864,2,1.0,1922,99900,104
1166,2,2.0,2005,190000,21
1054,3,1.5,1969,151000,57
1675,3,2.5,1999,181000,27
1050,2,1.0,1956,128900,70
1788,5,1.0,1957,161500,69
1824,3,1.0,1919,180500,107
1337,2,2.0,1998,181000,28
1452,3,2.5,1999,183900,27
1889,4,1.5,1910,122000,116
2018,3,2.0,2008,378500,18
3447,4,3.5,1935,381000,91
1524,3,1.5,1958,144000,68
1524,0,0.5,1979,260000,47
1489,3,2.0,1968,185750,58
935,3,1.0,1965,137000,61
1357,2,1.0,1959,177000,67
1250,3,2.0,1910,139000,116
1920,4,2.0,1948,137000,78
1395,3,1.5,1972,162000,54
1724,3,1.5,1967,197900,59
2031,3,2.5,2002,237000,24
1128,2,1.0,1920,68400,106
1573,3,2.0,2002,227000,24
1339,2,2.0,1990,180000,36
1040,3,2.0,1977,150500,49
1824,4,3.0,1971,139000,55
2447,4,2.0,1919,169000,107
1412,4,1.0,1939,132500,87
1328,3,1.5,1963,143000,63
1582,4,2.0,1964,190000,62
1659,2,2.0,2000,278000,26
1970,3,2.5,2006,281000,20
1152,3,1.0,1964,180500,62
1302,3,2.5,1972,119500,54
2372,4,2.0,1892,107500,134
1664,4,2.5,1976,162900,50
864,2,1.0,1955,115000,71
1052,3,1.5,1968,138500,58
1128,3,2.0,1963,155000,63
1072,2,2.0,2005,140000,21
5642,3,2.5,2008,160000,18
1246,3,1.5,1959,154000,67
1983,3,2.5,1999,225000,27
1494,3,1.0,1942,177500,84
2526,4,2.5,1994,290000,32
1616,3,2.0,2005,232000,21
1708,3,2.0,2004,130000,22
1652,2,2.0,2006,325000,20
1368,2,2.0,2005,202500,21
990,3,1.0,1994,138000,32
1122,2,1.0,1948,147000,78
1294,3,2.0,1991,179200,35
1902,3,2.0,1959,335000,67
1274,3,2.0,2005,203000,21
2810,4,2.5,1990,302000,36
2599,4,2.5,1999,333168,27
948,3,1.0,1954,119000,72
2112,4,2.5,1969,206900,57
1630,3,2.0,2008,295493,18
1352,2,2.0,2006,208900,20
1787,3,2.0,2001,275000,25
948,3,1.0,1954,111000,72
1478,3,1.5,1957,156500,69
720,2,1.0,1949,72500,77
1923,3,2.5,1992,190000,34
708,2,1.0,1940,82500,86
1795,2,2.0,2006,147000,20
796,2,1.0,1922,55000,104
774,3,1.0,1931,79000,95
816,3,1.0,1982,130500,44
2792,5,2.0,1920,256000,106
1632,3,2.5,1998,176500,28
1588,3,2.0,2006,227000,20
954,3,1.0,1976,132500,50
816,2,1.0,1938,100000,88
1360,2,1.5,1938,125500,88
1365,3,1.5,1970,125000,56
1334,2,2.0,1977,167900,49
1656,4,2.0,1973,135000,53
693,2,1.0,1941,52500,85
1861,3,2.5,2002,200000,24
864,3,1.0,1972,128500,54
872,3,1.0,1971,123000,55
1114,3,1.0,2003,155000,23
2169,3,2.5,2002,228500,24
1913,3,1.5,1928,177000,98
1456,3,2.5,2006,155835,20
960,2,1.0,1920,108500,106
2156,3,2.0,1968,262500,58
1776,3,2.0,2006,283463,20
1494,3,2.0,1998,215000,28
2358,4,2.0,1872,122000,154
2634,6,3.0,1969,200000,57
1716,4,1.5,1962,171000,64
1176,2,1.0,1937,134900,89
3238,4,2.5,1995,410000,31
1865,3,2.5,2000,235000,26
1920,4,3.0,1968,170000,58
892,3,1.0,1966,110000,60
1078,3,1.5,1971,149900,55
1573,3,2.5,2000,177500,26
1980,3,2.0,2004,315000,22
2601,4,3.5,1921,189000,105
1530,3,2.0,2005,260000,21
1738,4,2.0,1920,104900,106
1412,3,2.5,2006,156932,20
1200,2,2.5,2005,144152,21
1674,3,2.5,2000,216000,26
1790,3,2.5,1999,193000,27
1475,4,2.0,1977,127000,49
848,1,1.0,2003,144000,23
1668,3,2.0,2003,232000,23
1374,2,1.0,1920,105000,106
1661,3,1.0,1955,165500,71
2097,3,2.5,1998,274300,28
2633,2,2.5,2001,466500,25
1958,3,2.5,2005,250000,21
1571,3,2.0,2007,239000,19
790,2,1.0,1930,91000,96
1604,3,2.0,1941,117000,85
987,2,1.5,1973,83000,53
1394,3,2.5,2006,167500,20
864,2,1.0,1914,58500,112
2117,4,2.5,1970,237500,56
1762,4,1.5,1920,157000,106
1416,3,2.0,1918,112000,108
1258,2,1.0,1939,105000,87
1154,3,1.0,1922,125500,104
2784,5,3.5,1978,250000,48
2526,5,2.0,1916,136000,110
1746,3,2.0,2006,377500,20
1218,3,1.0,1941,131000,85
1525,3,2.0,2000,235000,26
1584,4,2.0,1967,124000,59
900,3,1.0,1967,123000,59
1912,3,2.0,1905,163000,121
1500,2,2.0,2006,246578,20
2482,4,2.5,2005,281213,21
1687,3,1.0,1948,160000,78
1513,4,1.5,1920,137500,106
1904,3,1.5,1950,138000,76
1608,3,2.5,1925,137450,101
1158,3,1.0,1929,120000,97
1593,3,2.5,2004,193000,22
1294,2,2.0,2006,193879,20
1464,3,2.0,2007,282922,19
1214,3,1.0,1915,105000,111
1646,2,2.0,2004,275000,22
768,2,1.0,1972,133000,54
833,3,1.0,1985,112000,41
1363,3,1.0,1910,125500,116
2093,3,2.5,1986,215000,40
1840,3,2.5,2001,230000,25
1668,3,1.5,1950,140000,76
1040,2,2.0,1949,90000,77
1844,2,2.0,2005,257000,21
1848,4,1.5,1923,207000,103
1569,1,2.0,2007,175900,19
2290,4,2.0,1885,122500,141
2450,3,2.5,1998,340000,28
1144,3,1.5,1963,124000,63
1844,3,2.0,1969,223000,57
1416,3,2.5,1968,179900,58
1069,2,2.0,1977,127500,49
848,1,1.0,2003,136500,23
2201,4,2.0,1966,274970,60
1344,2,1.0,1958,144000,68
1252,3,1.0,1959,142000,67
2127,3,2.5,1994,271000,32
1558,3,1.5,1945,140000,81
804,2,1.0,1940,119000,86
1440,3,2.0,1981,182900,45
1838,4,2.5,2005,192140,21
958,2,2.0,1976,143750,50
968,4,2.0,1927,64500,99
1792,3,2.5,2000,186500,26
1126,3,2.0,1977,160000,49
1537,3,1.5,1962,174000,64
864,3,1.0,1971,120500,55
1932,2,2.0,2008,394617,18
1236,2,1.0,1957,149700,69
1725,3,2.5,1979,197000,47
2555,3,2.0,1922,191000,104
848,1,1.0,2004,149300,22
2007,3,2.5,2008,310000,18
952,2,1.0,1916,121000,110
1422,3,2.0,2004,179600,22
913,3,1.0,1966,129000,60
1188,3,1.0,1962,157900,64
2090,3,2.5,1995,240000,31
1346,2,1.5,1910,112000,116
630,1,1.0,1970,92000,56
1792,4,3.0,1974,136000,52
1578,3,2.0,2008,287090,18
1072,2,1.0,2005,145000,21
1140,3,1.0,2006,84500,20
1221,2,2.0,2004,185000,22
1647,3,2.5,1999,175000,27
2073,3,2.0,1978,210000,48
2340,4,2.0,1941,266500,85
1078,2,1.0,1950,142125,76
1256,3,1.5,1965,147500,61
